Ano;Receita;CresRec;Ebit;Margem_Ebit(%);IR;IR/EBIT;Imobilizado;CresImob;Deprec;Deprec/Imob;Capex;Capex/Imob;CapGiro;var;VarCapGiro
2013;35079;0.05;15461;0.440748025884432;-2481;0.160468275014553;17219;0;-2105;0.122248678785063;-4064;0.236018351820663;-2200;0;0
2014;38079;0.0855212520311297;15916;0.417973161059902;-2006;0.126036692636341;19494;0.132121493698821;-2392;0.122704421873397;-4503;0.230994152046784;-2300;100;0.0454545454545454
2015;46720;0.226922975918485;19136;0.40958904109589;-3634;0.189903846153846;24232;0.243049143326152;-3075;0.126898316275999;-6596;0.272202046880158;-3439;1139;0.495217391304348
2016;45602;-0.023929794520548;17194;0.377044866453226;-315;0.0183203443061533;24398;0.00685044569164739;-3512;0.143946225100418;-5993;0.245634888105582;-2392;-1047;-0.304448967723175
2017;47899;0.0503705977807991;16427;0.342950792292115;-5079;0.309186096061362;23496;-0.0369702434625789;-3162;0.134576098059244;-3537;0.150536261491318;-2765;373;0.155936454849498
